日期,收盘,判定,通过,警告,拦截,规则评分,日线K线形态,周线K线形态,LLM评分,技术指标解读,操作建议,关键关切,偏误检测,最终建议,市场状态,RSI_日,RSI_周,MACD柱_日,MACD柱_周,KDJ_K_日,KDJ_D_日,KDJ_J_日,KDJ_K_周,KDJ_D_周,KDJ_J_周,MA20_日,MA50_日,MA20_周,MA50_周,均线排列_日,均线排列_周,日线趋势,周线趋势,ATR_日,ATR_周,量比_日,量比_周,支撑,距支撑%,阻力,距阻力%
2026-04-10,101.01,BLOCK,13,0,1,7,"陷阱信号(看涨), 纺锤线(看涨), 三线反包(看涨)","吞没形态(看涨), 长实体线(看涨), 收盘光头光脚(看跌)",2,先看周线：周线RSI(14)为43.0，位于50下方，表明中期动能偏弱。MACD柱为-3.4603，负值且远离零轴，中期下跌动能持续。KDJ的K值为12.0，D值7.3，J值21.4，处于超卖区域但尚未形成金叉，且K、D值极低暗示中期空头主导。周线均线排列：当前价格远低于MA20(113.53)和MA50(106.05)，虽然均线本身显示'bullish'（可能为历史交叉信号），但价格已跌破两条均线，实际呈现空头排列。周线趋势明确为'下跌'。周线K线形态混杂：出现吞没形态(看涨)和长实体线(看涨)，但同时有收盘光头光脚(看跌)和Shortline(看跌)，多空拉锯，可靠性降低。再看日线：日线趋势为'横盘'，属于无明确方向。RSI(48.3)中性；KDJ的J值高达123.6，处于严重超买状态，暗示短期回调风险；MACD柱正值0.9385，短暂偏多但力度不强；均线空头排列（价格低于MA20）。日线K线形态给出大量看涨信号（陷阱信号、纺锤线、三线反包、高浪线），但周线下跌趋势压制下，这些看涨形态可能只是短期噪音。最近支撑位在91.20，距当前价9.7%，距离较远，不属于严格意义上的支撑附近。综合判断：周线定方向为下跌，日线反弹超买，做多既违背周线中期趋势，又面临日线超买回调压力，入场时机极差。,周线下跌趋势明确，应以逢高做空或观望为主。日线横盘且KDJ严重超买，即使短期出现看涨K线组合，也极易演变成诱多陷阱。当前买入属于逆势操作，且入场价没有任何强支撑保护（91.20距离太远）。建议坚决不做多。如果长期看好该股基本面，应等待周线企稳信号（如周线MACD柱收敛、KDJ低位金叉、价格站回MA50），且日线回调到支撑位附近再考虑轻仓试多。当前最佳选择是'什么都不做'，因为周线下跌与日线超买信号矛盾，ADX=32.4虽不算极低，但趋势向下，量比仅115.7%不支持反转，观望为上。,周线趋势明确下跌时逆势做多，且价格远离支撑位，纯粹基于基本面理由而无视技术面风险; 日线KDJ超买严重（J=123.6），短期极易触发回调，入场即面临浮亏; 日线横盘无趋势，买入缺乏短期方向支撑，容易被震荡消耗; 交易理由仅为'长期看好业绩'，未提及任何技术面触发条件，属于典型的确认偏误,确认偏误：仅关注正面基本面，忽略周线下跌、日线超买等负面技术信号; 过度自信：在首次交易、无历史记录且市场环境不利的情况下，依然计划买入,综合评分2分。在周线下跌趋势未改变、日线超买且远离支撑的情况下，这笔买入计划极其不合理。T01规则阻止正确，应尊重规则。当前最好的操作是不操作，耐心等待周线出现转向信号和日线给出安全边际更高的入场点。即使基本面再好，逆势做多也容易造成不必要的亏损。,下跌趋势 + 正常波动,48.3,43.0,0.9385,-3.4603,87.9,70.0,123.6,12.0,7.3,21.4,99.84,109.01,113.53,106.05,交叉,bullish,横盘,下跌,3.41,8.76,115.7%,81.2%,91.20,9.7,,
2026-04-11,101.01,BLOCK,13,0,1,7,"陷阱信号(看涨), 纺锤线(看涨), 三线反包(看涨)","吞没形态(看涨), 长实体线(看涨), 收盘光头光脚(看跌)",2,周线：RSI(14)43.0处于弱势区，MACD柱为负值（-3.4603），KDJ处于超卖区（K=12，J=21.4），这些指标一致给出中期空头信号。均线方面，MA20（113.53）仍在MA50（106.05）之上，属于‘金叉’形态，暗示长期均线结构尚未完全转空，但当前价格远低于这两条均线，说明短期价格已明显走弱，均线的支撑作用失效，趋势仍定义为下跌。综合来看，周线中期趋势为下跌，但有超卖后的反弹可能，只是反弹力度需观察。日线：RSI 48.3中性，KDJ的K值87.9、J值123.6显示短期超买，说明短期内多头力量已过度消耗，继续上攻可能受阻。MACD柱0.9385为正值但数值不大，显示微弱的反弹动能。均线MA20（99.84）<MA50（109.01）为空头排列，价格101.01勉强站在MA20之上，属于弱势横盘。日线K线形态混杂，既有陷阱信号、纺锤线、三线反包等看涨信号，也有高浪线、陷阱信号等看跌信号，多空分歧大，无明显方向。最近的支撑位在91.20，距离当前价约9.7%，距离较远；上方阻力为下行的MA50（109.01）附近。综合：周线定方向——下跌，日线当前横盘且短期指标超买，并非安全的买入时机。,本次买入计划属于逆周线下跌趋势做多，且入场价距离最近支撑位远，不属于‘在支撑位附近’的例外情况。规则引擎的逆势操作阻断（T01）完全合理。即使日线有部分看涨K线形态，但周线空头压制、KDJ超买都表明买入风险极高。作为初学者，应记住：周线下跌趋势中，日线出现的反弹多为‘逃命波’，追涨极易被套。观望或等待价格回落至支撑位再结合反转信号考虑，才是更稳妥的做法。当前配置配合‘什么都不做’就是最好的选择。,逆势操作：周线趋势下跌，做多不符合主方向; 入场位置尴尬：价格处于日线横盘中段，上方阻力重重，下方支撑远在9.7%之外，止损幅度过大; 短期超买：KDJ的J值高达123.6，买入后极易遭遇回调; 量能不足：周线量比仅81.2%，暗示中期下跌过程中买盘并不积极,确认偏误：仅凭‘长期看好业绩’这一正面理由，忽视了周线下跌、日线超买等多项不利技术信号; 锚定效应：可能对股票过往的高价或业绩估值产生锚定，而忽视当前市场定价已转弱的事实; 损失厌恶：或许担心错过（FOMO）可能出现的上涨，急于入场，而非等待更安全的买点,该买入计划综合评分仅2分，因为它在下跌趋势中逆势操作，入场点没有技术支持的支撑，且短期指标超买，属于典型的‘接飞刀’。规则引擎给出的阻断指令是正确且必要的。建议放弃本次交易，保留资金，直到周线下跌趋势得到扭转或价格回落到可靠的支撑位再重新评估。,下跌趋势 + 正常波动,48.3,43.0,0.9385,-3.4603,87.9,70.0,123.6,12.0,7.3,21.4,99.84,109.01,113.53,106.05,交叉,bullish,横盘,下跌,3.41,8.76,115.7%,81.2%,91.20,9.7,,
2026-04-12,101.01,BLOCK,13,0,1,7,"陷阱信号(看涨), 纺锤线(看涨), 三线反包(看涨)","吞没形态(看涨), 长实体线(看涨), 收盘光头光脚(看跌)",2,周线层面：RSI(14)为43.0，处于弱势区间但未进入超卖，显示中期动能偏空。MACD柱为-3.4603，为负值且未收窄，表明下跌趋势仍在延续。KDJ的K=12.0、D=7.3、J=21.4，处于低位但尚未形成金叉，暗示可能正在尝试筑底但未确认反转。周线均线排列：MA20(113.53) > MA50(106.05)，中期均线仍处于多头排列，但当前价格远低于均线，说明中期多头结构已被打破，价格可能需较长时间修复。周线K线形态出现吞没看涨和长实体看涨，但也存在光头光脚看跌和Shortline看跌等信号，多空混杂，但整体未改变周线级别的下跌趋势。周线趋势明确为下跌。日线层面：RSI(48.3)中性，MACD柱0.9385正值但力度不强。KDJ的K=87.9、J=123.6，已进入超买区域，短期回调压力较大。日线均线：MA20(99.84) < MA50(109.01)，短期均线在长期均线下方，呈现空头排列，印证中期偏弱格局。日线K线形态有陷阱信号、纺锤线、三线反包等看涨信号，但也有陷阱信号看跌，说明短期多空争夺激烈。综合来看，周线下跌趋势明确，日线虽出现部分看涨K线组合及MACD正值，但KDJ超买，量能一般（量比115.7%只是略放大），且入场价101.01距离最近支撑91.20尚有9.7%的距离，不具备安全边际。日线信号不足以对抗周线下跌趋势，此时买入属于逆势操作。,周线方向是下跌趋势，任何日线的反弹都应视为卖出或减持的机会，而不是新建多仓的时机。目前日线KDJ已超买，短期存在回调需求，且入场点距离支撑较远，一旦回落，止损幅度达10%，风险收益比不理想。趋势跟踪策略要求周线至少走平或转涨才考虑做多，目前不满足。区间交易也不适用，因为周线是下跌趋势而不是震荡。逆势反弹逻辑下，即使日线有看涨形态，也仅是周线下跌中的短期修正，不应参与。当前最合理的操作是'什么都不做'，等待周线出现明确止跌反转信号（如周线MACD柱收窄转正、RSI回升至50以上、KDJ底部金叉等）或日线回踩关键支撑且周线出现背离时再考虑。,周线下跌趋势明确，入场属于逆势交易，不符合趋势跟踪原则; 日线KDJ超买（J=123.6），短期回调风险高，买在局部高点概率大; 入场价距离下方支撑91.20还有9.7%空间，无支撑保护，止损设置过大（-10%）; 交易理由仅凭'长期看好业绩'，缺乏技术面逻辑支持，属于情绪化决策,确认偏误：仅因主观看好业绩而忽视明确的下跌趋势和超买信号; 锚定效应：可能将入场价锚定在101附近，而忽略了更合理的买入区域（如支撑位附近）; 过度自信：在无历史交易记录的情况下，仅凭基本面理由进行逆势操作,该买入计划在下跌趋势中、远离支撑位且日线超买的情况下执行，风险极高，评分2/10。规则引擎发出的T01逆势操作提示完全合理，没有误报。即使长期看好，也应在更安全的技术环境进场。当前强烈建议取消此交易，等待中期趋势转暖。,下跌趋势 + 正常波动,48.3,43.0,0.9385,-3.4603,87.9,70.0,123.6,12.0,7.3,21.4,99.84,109.01,113.53,106.05,交叉,bullish,横盘,下跌,3.41,8.76,115.7%,81.2%,91.20,9.7,,
2026-04-13,100.64,BLOCK,13,0,1,7,"纺锤线(看涨), 陷阱信号(看跌), 高浪线(看涨)","吞没形态(看涨), 长实体线(看涨), 收盘光头光脚(看跌)",3,"初学者解读：先看周线，周线决定中期大方向。周线 RSI 43.0，处于50下方、偏弱但不极端；周线 MACD 柱为 -3.46，空头动能仍在释放；周线 KDJ 数值非常低（K=12.0, D=7.3, J=21.4），属于超卖区附近，可能酝酿短线反弹，但中期趋势并未转多。周线均线虽然 MA20>MA50 呈现多头排列，但当前价格100.64远低于周线 MA20(113.53)，说明价格已经跌破均线系统，多头排列只是一个滞后信号，实际走势已转为下跌。周线K线形态里既有看涨吞没、长实体线（买方抵抗），也有收盘光头光脚和Shortline等看跌信号，说明多空争夺激烈，但空方依然占优。综合判断，周线中期趋势为下跌。日线上，RSI 47.7 中性；MACD 柱为正但不算强；KDJ 处于高位（K=82.8, D=81.8, J=84.8），说明短期有过热风险；日线趋势横盘，K线形态多为纺锤线、高浪线、Doji，反映犹豫不决，但出现了陷阱信号（看跌），暗示上涨可能虚假。日线信号与周线方向并不一致：周线看跌，日线却试图反弹，但日线KDJ超买和看跌陷阱信号提示反弹动能可能衰竭。最近的支撑位在91.20（距当前9.4%），阻力在130.82（30%），入场价距离支撑较远，下方保护不足。",周线定方向，日线定时机。周线处于下跌趋势，任何买入都属于逆势操作，除非在极端超卖且紧邻强支撑时捕捉小反弹，但当前位置距支撑位9.4%，并未提供有效保护。日线横盘且KDJ高位、出现陷阱信号，显示短期多方力竭，很容易形成反弹高点。因此，当前不是合理的买入时机。如果周线未来出现底部结构（如MACD底背离、KDJ金叉后站上均线），或价格回调至91.20支撑位附近并出现放量企稳、日线指标修复到低位，可再评估。目前最理性的选择是‘什么都不做’，继续观望，避免在下跌趋势中勉强做多。,周线下跌趋势中逆势做多，且入场价远离支撑位，缺乏有效止损依据; 日线KDJ高位，存在短期回调风险，容易买在反弹末尾; 交易理由为‘长期看好基本面’，但技术面与基本面背离，可能过度依赖主观判断; 止损设置于90.58接近支撑91.20，若支撑失守可能引发更大跌幅,确认偏误：基于对股票的长期看好，选择性忽略周线下跌和日线超买等不利信号; 锚定效应：可能锚定某个更高的目标价或前期价格，导致在当前逆势位置仍觉‘便宜’; 过度自信：在无历史交易记录的情况下，仅凭基本面理由在逆势中决策,评分3分。计划在下跌趋势中远离支撑位做多，且日线指标已处于高位，风险收益比不佳。规则引擎的逆势操作拦截完全合理，没有任何误报。即使中长期看好基本面，也应等待技术面出现明确的共振转强信号，而非在逆风中过早进场。建议放弃本次交易计划，耐心等待更优的入场时机。,下跌趋势 + 正常波动,47.7,43.0,1.0745,-3.4603,82.8,81.8,84.8,12.0,7.3,21.4,99.52,108.49,113.53,106.05,空头,bullish,横盘,下跌,3.38,8.76,100.1%,81.2%,91.20,9.4,130.82,30.0
2026-04-14,101.52,BLOCK,13,0,1,7,"纺锤线(看涨), 陷阱信号(看跌), 高浪线(看涨)","吞没形态(看涨), 长实体线(看涨), 收盘光头光脚(看跌)",3,"周线定中期方向：RSI(14) 43.0 偏弱，MACD柱 -3.4603 表明下跌动能仍在，KDJ处于超卖区域（K=12.0, D=7.3）但未出现金叉，意味着中期仍为下跌趋势但短期可能出现修复性反弹。周线均线虽然 bull 排列，但趋势标记为‘下跌’，可能是均线滞后。周线K线形态有看涨吞没和长实体线，但同时也存在光头光脚看跌和Shortline，信号矛盾。日线方面：RSI 49.4 中性，KDJ在超买区（K=85.0, D=85.2）提示短期回调风险，MACD柱正值但趋势为横盘，K线既有看涨纺锤线、高浪线，也有看跌陷阱信号。支撑位 91.20（距离10.2%），阻力 130.82（距离28.9%），价格未接近任何关键位置。综合来看，周线下跌是主要背景，日线横盘且超买，并未提供有力的做多理由。",周线下跌趋势中，做多属于逆势操作，除非在关键支撑位出现明确的底部反转信号。当前价格距离支撑位91.20尚有10%的下跌空间，且日线KDJ超买，短期易出现回调。周线KDJ虽然超卖，但尚未出现金叉或底部形态确认。正确的做法是等待价格回踩支撑区域并获得周线级别的确认后再考虑入场。当前‘什么都不做’是最优选择，避免在下跌趋势中途的横盘区域追高。,逆势操作：周线明确下跌趋势中做多，且未在支撑位附近，违反T01规则; 日线KDJ超买，短期回调风险较高; 入场点远离主要支撑，止损空间大，风报比不理想; 交易理由为基本面的长期看好，与技术面现状脱节,确认偏误：仅因长期看好业绩而忽视当前下跌趋势和超买信号; 锚定效应：可能锚定于股票业绩好这一认知上，忽视技术面风险; 过度自信：首次交易该标的却仅凭主观看好就逆势入场,综合评分3分。当前买入计划无视周线下跌趋势和日线超买状态，入场点又远离支撑，风险大于机会。建议保持观望，等待价格回落至支撑区域（约91附近）或周线出现明确的底部反转结构（如KDJ金叉、MACD柱翻红等）再重新评估。,下跌趋势 + 正常波动,49.4,43.0,1.1947,-3.4603,85.0,85.2,84.6,12.0,7.3,21.4,99.17,108.02,113.53,106.05,空头,bullish,横盘,下跌,3.28,8.76,106.3%,81.2%,91.20,10.2,130.82,28.9
2026-04-15,103.91,BLOCK,13,0,1,7,"分离线(看涨), 陷阱信号(看跌), 内包线(孕线)(看跌)","吞没形态(看涨), 长实体线(看涨), 收盘光头光脚(看跌)",2,首先看周线，它是判断中期方向的指南针。周线RSI为43，处于中性偏弱区域，既没有超卖也没有超买；周线MACD柱为-3.46，处于零轴下方，说明中期下跌动能仍在；周线KDJ的K值为12、D值7.3、J值21.4，虽然没有进入标准的超卖区，但数值偏低，暗示市场情绪谨慎；周线均线方面，MA20(113.53)在MA50(106.05)之上形成多头排列，但当前价格103.91运行在两条均线下方，这属于“均线多头但价格疲弱”的矛盾状态，通常意味着中期趋势已经由多转弱，系统最终判定周线趋势为下跌，这与MACD柱为负、价格位于均线之下的现象一致。再看日线，它决定短期入场时机。日线RSI 53.8为中性，KDJ的K、D、J均处于85附近高位，显示短期超买；日线MACD柱为正，反映日内多头尝试发力；日线趋势被判定为横盘，K线形态混杂，既有看涨信号（分离线、倒锤子、大阳线）也有看跌信号（陷阱信号、内包线），说明多空争夺激烈，方向不明。综合来看，周线的下跌趋势是主导方向，日线的高位超买和横盘震荡，更像是对下跌趋势的修正。最近支撑位在91.20，距离当前价格约12.2%，空间较大，当前入场缺乏有力的支撑保护。,基本原则是‘周线定方向，日线定时机’。周线趋势为下跌，意味着中期大势向下，此时做多属于逆势操作，风险极高。即便日线出现了一些看涨形态，也只是下跌趋势中的短期反弹或横盘，最终大概率会延续周线方向。当前日线KDJ已进入超买区，说明反弹已经消耗了较多动能，追高买入容易买在短期顶部。同时，入场价距支撑位较远，一旦转跌，止损空间过大（-10%），盈亏比不佳。在这种情况下，最适合的操作是‘什么都不做’。如果周线仍在下跌，应耐心等待周线趋势转平或上穿均线，或者等待日线明确回调至支撑位附近（如91.20一带）并出现止跌信号，再考虑轻仓试多。区间交易、趋势跟踪、逆势反弹这三种策略在当前均不适用：不是震荡市，周线趋势明确向下，日线逆势信号只是噪音。,交易计划完全忽视周线下跌的主趋势，属于典型的逆势抄底行为，T01规则的拦截是合理的; 理由仅为‘长期看好该股票业绩’，缺乏对趋势、点位、量价的客观技术依据，更像主观臆断; 止损幅度达-10%，在下跌趋势中很容易被触发，且入场点远离支撑，没有给予足够的安全边际; 日线KDJ超买时买入，增加了追高风险，短期容易面临回调,过度自信：仅凭对业绩的长期看好就想在下跌趋势中买入，忽略了市场给出的客观信号; 确认偏误：可能只关注了日线的个别看涨K线形态，而忽视了周线下跌、日线多空矛盾的大背景; 锚定效应：可能将注意力锚定在股票过去的好表现或未来预期，没有根据当前价格和趋势重新评估,评分综合给2分。规则引擎正确拦截了一笔高风险交易，这笔买入计划在下跌趋势中无支撑保护、在超买位追入，且仅凭主观信念决策，完全不符合交易纪律。即使对基本面有信心，也不应该在逆势、无技术安全垫时强行入场。最终建议：放弃本次买入，保持观望，等待周线趋势转好或日线提供更强的支撑确认后再做决策。,下跌趋势 + 正常波动,53.8,43.0,1.3923,-3.4603,85.2,84.3,87.0,12.0,7.3,21.4,99.06,107.66,113.53,106.05,空头,bullish,横盘,下跌,3.37,8.76,190.8%,81.2%,91.20,12.2,,
2026-04-16,104.18,BLOCK,13,0,1,7,"分离线(看涨), 陷阱信号(看跌), 内包线(孕线)(看涨)","吞没形态(看涨), 长实体线(看涨), 收盘光头光脚(看跌)",2,周线来看，RSI(14)为43，处于弱势区域（通常50以下偏空），MACD柱为-3.46，属于负值，说明中期下跌动能仍在。KDJ中K=12、D=7、J=21，处于低位，可能出现超卖反弹，但整体周线趋势已被指标确认为下跌。周线均线方面，MA20位于当前价格上方（113.53），MA50为106.05，价格低于这两条均线，属于空头排列，中期压力明显。日线上，RSI 54.3处于中性区，KDJ的K、D、J均高于80，显示短期超买；MACD柱正值，但力度不强。日线和周线矛盾：周线下跌，日线短期反弹后超买，属于逆势反弹。最近的支撑是91.20，距现价还有12.5%的下跌空间，当前位置离支撑较远，没有安全垫。K线形态日线有分离线、内包线等混杂信号，周线有吞没和长实体的看涨与看跌并存信号，混乱不可靠。综合判断，周线下跌趋势未变，日线超买是风险，买入时机不合适。,周线方向是下跌，日线虽短期走强但已超买，这属于典型的周线下跌趋势中的反弹。对初学者来说，核心原则是‘周线定方向，日线定时机’：周线下跌时应避免做多，除非价格跌到强支撑位并且出现明确的日线反转信号，而现在价格距支撑尚远，日线KDJ超买，不是好的入场点。如果未来价格回落至91.20附近的支撑位，同时日线出现超卖或底背离等买入信号，才可考虑小仓位试多。当前情况下，‘什么都不做’是最好的选择，等待周线趋势明朗或价格出现明显支撑确认再行动。,周线趋势明确下跌，买入属于逆势操作，已触发规则引擎T01阻止; 日线KDJ超买，短期回调风险大; 止损幅度-10%虽已设定，但入场点离支撑位仍有12.5%距离，容易被击穿; 交易理由仅为‘长期看好该股票业绩’，忽略当前市场中期空头环境，缺乏技术面协同,确认偏误：仅凭‘长期看好业绩’这一信念，无视周线下跌和日线超买等不利信号; 过度自信：在没有历史交易记录支持的情况下，首次交易即逆势买入，高估自身判断,评分2/10，主要原因：该交易计划在周线下跌趋势中逆势买入，且价格远离支撑位，日线指标超买，风险收益比很差。规则引擎正确阻止了这笔交易。你的‘长期看好’忽略了市场当前的弱势环境，这是典型的认知偏误。建议放弃本次买入，耐心等待更合适的时机，比如跌到支撑位后有明确反转信号，或者周线趋势转多时再考虑。,下跌趋势 + 正常波动,54.3,43.0,1.4895,-3.4603,87.1,85.8,89.8,12.0,7.3,21.4,98.94,107.26,113.53,106.05,空头,bullish,横盘,下跌,3.27,8.76,104.7%,81.2%,91.20,12.5,,
2026-04-17,105.23,BLOCK,13,0,1,7,"陷阱信号(看跌), 分离线(看涨), 内包线(孕线)(看涨)","吞没形态(看涨), 三线反包(看涨), 长实体线(看涨)",2,"周线（中期）信号：RSI 46.5 中性偏弱，MACD 柱为负值（-2.6970），KDJ 中 K=27.8、D=14.0、J=55.3，处于低位区域但有向上交叉迹象，但尚不构成金叉。周线均线 MA20(113.14) > MA50(106.33) 呈 bullish 排列，但当前价格 105.23 同时低于 MA20 和 MA50，说明价格已跌破均线支撑，中期趋势定义为下跌。周线 K 线形态存在吞没形态、三线反包等看涨信号，但也出现长实体线、收盘光头光脚等看跌信号，整体多空分歧较大。日线（短期）信号：RSI 56.3 中性，KDJ 严重超买（K=86.5, D=86.3, J=87.0），显示短期调整压力很大。日线 K 线形态出现“陷阱信号（看跌）”，同时有分离线、内包线、大阳线等看涨组合，但看跌陷阱信号优先级较高，暗示可能出现假突破或诱多。日线均线 MA20 98.90 低于 MA50 106.80，短期偏空排列。日线趋势定义为横盘。价格距离最近支撑 91.20 有 13.3%，距离很远，缺乏有效保护。布林带宽 14.7% 偏低，价格可能进入收敛震荡。综合：周线下跌趋势未改变，日线超买且有看跌陷阱信号，两者均不支持此时做多。",当前交易计划是下跌趋势中的逆势买入，且远离支撑位，止损比例偏大（-10%）也说明入场点不够精细。周线下跌方向明确，应优先顺应周线方向，即只考虑反弹至阻力位做空或等待周线趋势反转后寻找日线回调买点。日线虽然出现一些看涨形态，但超买严重且存在看跌陷阱，很可能是短期多头陷阱。ADX=26 属于弱趋势，可能导致假突破频繁。量比 131.8% 尚可，但不足以抵消逆向操作的风险。这种情况最适合的做法是‘什么都不做’，耐心等待周线 MACD 转正、价格站回周线均线之上，或者日线回调到支撑 91.20 附近且出现清晰的反转信号时再考虑买入。,周线中期趋势明确下跌，逆势买入不符合趋势跟踪原则; 日线 KDJ 严重超买且出现看跌陷阱信号，短期回调概率大; 入场价格远离最近的支撑位 91.20（13.3%），一旦转向下方保护空间不足，止损幅度过大; 交易理由仅基于基本面长期看好，未考虑当前技术面风险，缺乏技术分析支持,确认偏误：可能只关注了部分看涨的 K 线形态，而忽略了超买和看跌陷阱信号; 过度自信：仅凭长期看好业绩就忽略明显的下跌趋势和风险，对市场的敬畏不足,评分 2/10。该计划在周线下跌趋势、日线超买且有看跌陷阱的情况下逆势做多，且入场点远离支撑，风险远大于潜在收益。规则引擎正确拦截了逆势操作，没有误报。建议严格遵守纪律，放弃本次交易，等待更安全的买点。,下跌趋势 + 正常波动,56.3,46.5,1.5652,-2.6970,86.5,86.3,87.0,27.8,14.0,55.3,98.90,106.80,113.14,106.33,空头,bullish,横盘,下跌,3.33,8.67,131.8%,109.3%,91.20,13.3,,
2026-04-18,105.23,BLOCK,13,0,1,7,"陷阱信号(看跌), 分离线(看涨), 内包线(孕线)(看涨)","吞没形态(看涨), 三线反包(看涨), 长实体线(看涨)",3,周线层面：RSI(14)为46.5，处于中性偏弱区域，未进入超卖，暂无抄底信号；MACD柱为-2.6970，负值持续，下跌动能仍在；KDJ中K=27.8、D=14.0、J=55.3，K、D值低位但J值率先反弹，可能出现短线的技术性修复，但中期的弱势格局未变。均线方面，MA20(113.14)仍高于MA50(106.33)，呈现多头排列，但当前价格（入场价105.23）已跌破两条均线，表现为均线多头下的价格破位，属于典型的下跌趋势。周线K线形态有吞没形态、三线反包等看涨信号，但也出现了收盘光头光脚、长实体线等看跌形态，多空交织，整体趋势仍被定义为下跌。日线层面：RSI 56.3，中性偏强；MACD柱正值，但尚未形成明确趋势；KDJ高位钝化，K=86.5，D=86.3，J=87.0，处于超买区域，暗示短期回调风险。日线K线形态包含陷阱信号（看跌），同时也有分离线、内包线、大阳线等看涨形态，显示近期波动较大但缺乏方向性。ADX=26.0，说明无论日线还是周线，趋势强度均不足。综合来看，周线定调为下跌趋势，日线虽然出现一些看涨信号，但属于下跌大背景下的短期反弹噪音，且日线KDJ超买，进一步追高的风险较大。最近的支撑在91.20，距当前价13.3%，距离较远，成本价下方缺乏有效保护。,周线趋势明确为下跌，日线虽有反弹迹象，但未提供安全的入场时机。周线向下时，日线的反弹通常只是离场机会或空头回补，并不适合新开多头仓位。当前入场价远离支撑位，止损幅度达10%，风险回报比不理想。ADX偏低，市场可能处于无序波动，进一步降低了交易的可靠性。区间交易在周线震荡时适用，但当前周线处于下跌趋势，不适合逆势做多。逆势反弹的操作只有在周线极度超卖且出现明确底背离时才考虑，而目前周线RSI和KDJ均未进入超卖区，MACD也无底背离。因此，当前的最佳选择是‘什么都不做’，耐心等待价格回到支撑区域或周线趋势逆转信号。,周线下跌趋势中逆势做多，且入场点远离支撑位，无法形成有效的安全边际; 日线KDJ处于超买区域，短期内回调概率加大，买入后立即面临浮亏的可能性较高; ADX仅26.0，趋势强度弱，市场可能陷入震荡，方向性交易容易被反复止损; 交易理由仅提及‘长期看好业绩’，未与技术面结合，忽略了当前市场的风险,确认偏误：只关注看好业绩的基本面理由，忽视周线下跌和日线超买的技术面警告信号; 过度自信：在没有历史交易记录和充分技术印证的情况下，仅凭长期看好即决定入场; 锚定效应：可能将目标价或过去的高点作为心理锚点，未对当前回调风险进行动态评估,此次交易计划的合理性较差。周线处于下跌趋势，日线指标已发出短期过热信号，且入场位置远在支撑之上，不具备低吸的安全条件。单纯以‘长期看好’作为买入理由，忽略市场环境和技术面，容易陷入被动。建议暂时观望，等待价格回调到支撑区域，或等周线趋势企稳后再做决策。,下跌趋势 + 正常波动,56.3,46.5,1.5652,-2.6970,86.5,86.3,87.0,27.8,14.0,55.3,98.90,106.80,113.14,106.33,空头,bullish,横盘,下跌,3.33,8.67,131.8%,109.3%,91.20,13.3,,
2026-04-19,105.23,BLOCK,13,0,1,7,"陷阱信号(看跌), 分离线(看涨), 内包线(孕线)(看涨)","吞没形态(看涨), 三线反包(看涨), 长实体线(看涨)",2,周线层面，RSI(14) 46.5 处于中性偏弱区域，MACD 柱为 -2.6970，仍为负值，说明中期下跌动能未完全消退。KDJ 指标中 K=27.8、D=14.0、J=55.3，K、D 较低但 J 线上翘，存在超卖反弹的可能。周线均线 MA20 113.14 > MA50 106.33，呈多头排列，但当前价格 105.23 低于两条均线，且低于 MA20 约 7%，表明中期趋势仍受均线压制，周线趋势判断为下跌，这与价格处于均线下方、MACD 负值一致。周 K 线形态出现吞没形态、三线反包等看涨信号，但同时也有收盘光头光脚和长实体看跌信号，说明多空争夺激烈，市场可能在下跌趋势中尝试筑底，但尚未确认反转。日线层面，RSI 56.3 中性略偏强，KDJ 高位超买（K=86.5、D=86.3、J=87.0），短期上涨已消耗较多动能，存在回调压力。MACD 柱 1.5652 为正，显示日线级别仍有上行动力。日线 K 线形态包含内包线、大阳线等看涨信号，但也有陷阱信号（看跌），表明短期多空分歧，横盘特征明显。最近支撑位 91.20 距离当前价约 13.3%，入场价 105.23 远高于支撑，缺乏安全边际。综合来看，周线下跌趋势未变，日线超买且远离支撑，此时买入属于逆中期趋势的追高行为。,周线方向为下跌，日线虽然横盘且有局部看涨信号，但 KDJ 超买、远离支撑，日线与周线形成矛盾。根据“周线定方向，日线定时机”的原则，周线下跌趋势中，日线反弹到阻力或超买区应是离场或观望机会，而非开仓点。目前价格既不在周线重要支撑位（91.20)附近，也未见周线趋势明确反转（如 MACD 金叉、均线拐头向上），因此不具备买入的合理条件。即使交易理由为长期看好业绩，也应等待周线下跌动能衰减、日线回调至支撑位附近或出现底部确认形态后再考虑介入，避免过早买入承受进一步下跌风险。,周线中期趋势为下跌，买入属于逆势操作，风险极大; 日线 KDJ 超买，短期回调概率高，追高容易被套; 入场价距离下方支撑 91.20 较远（13.3%），缺乏支撑保护，止损点 94.71 虽在支撑上方，但入场位置不佳; 周线虽有部分看涨 K 线形态，但未形成趋势反转，基本面理由与技术面严重背离,确认偏误（仅关注利多 K 线形态和长期业绩理由，忽视周线下跌、日线超买等利空信号）; 锚定效应（可能锚定于前期高价或业绩预期，忽视当前下跌结构）; 过度自信（首次交易该标的且无历史记录，过于相信主观判断）,本次买入计划在周线下跌趋势、日线超买且远离支撑的背景下执行，违背趋势交易纪律，风险远大于机会，评分 2/10。建议放弃本次交易，耐心等待更优的顺势入场时机，严格遵循纪律交易。,下跌趋势 + 正常波动,56.3,46.5,1.5652,-2.6970,86.5,86.3,87.0,27.8,14.0,55.3,98.90,106.80,113.14,106.33,空头,bullish,横盘,下跌,3.33,8.67,131.8%,109.3%,91.20,13.3,,
2026-04-20,107.96,BLOCK,13,0,1,7,"陷阱信号(看跌), 内包线(孕线)(看涨)","吞没形态(看涨), 三线反包(看涨), 长实体线(看涨)",2,周线：RSI 46.5 中性，MACD 负柱显示空头动能仍在释放，但 KDJ 在低位金叉向上（K=27.8 > D=14.0），暗示下行动能减弱、可能出现反弹。均线排列标记为 bullish（MA20 113.14 > MA50 106.33），但当前价格 107.96 低于 MA20，说明中期均线虽未死叉，但价格已跌破短期成本区，周线趋势被系统判定为“下跌”。周线 K 线形态混乱，吞没形态、三线反包等看涨信号与光头光脚看跌信号并存，表明多空分歧大，尚未形成明确的底部反转结构。日线：RSI 60.9 偏高但未超买，KDJ 的 K=89.2、D=87.6、J=92.4 却已进入严重超买区，短期回调压力很大。MACD 正值但柱体不大，反弹动能有限。均线 MA20（99.19）低于 MA50（106.51），呈现空头排列，仅因价格弹至 107.96 才站在两者之上，日线趋势更偏向横盘而非上升。量比 140.3% 放量，但放量配合的是内包孕线（看涨）与陷阱信号（看跌）的矛盾组合，方向不明确。最近支撑位在 91.20，距离现价 15.5%，过远导致止损设置 97.16 并无技术依据，一旦触发亏损幅度达 10%。综合：周线下跌趋势未变，日线短期超买且远离支撑，两者均不支持在此处做多。,周线决定中期方向为下跌，日线超买且远离支撑，此时做多属于逆大势、抢反弹，且入场点不具备安全边际。正确的周线定方向、日线定时机的做法是：周线下跌时，应等待日线反弹至阻力位做空，或至少等价格回落到强支撑位再考虑博反弹。目前日线横盘、KDJ 高位、K 线矛盾，属于典型的“方向不明”，最佳选择是不参与，空仓观望。只有当周线出现底部背离或均线金叉等中期转强信号，且日线回调到支撑区（如 91 附近）出现企稳形态时，买入才有更高胜率。若实在基于基本面非要入场，也应将止损设置在支撑下方，但 91.20 距离太远，仓位需极轻且承受很大风险，不符合纪律要求。,"周线下跌趋势明确，逆势做多风险极高; 日线KDJ严重超买（K=89,D=87,J=92），短期回调概率大，此时买入极易被套; 最近支撑位在91.20，距入场价107.96有15.5%距离，止损97.16并未依托有效技术位，而是固定-10%止损，抗风险能力差; 日线与周线K线形态均出现矛盾信号，市场方向不明，强行交易属于赌博; 交易理由为'长期看好该股票业绩'，与当前技术面完全背离，忽略了中期下跌趋势",确认偏误：只关注长期看好的基本面理由，忽视周线下跌、日线超买等不利技术信号; 过度自信：无视明确的逆势警告，认为自己能抄到底部,综合评分2分。交易计划在多方面违反纪律：周线下跌趋势中做多且未靠近任何支撑位，日线超买严重，止损依据薄弱。规则引擎阻断此项买入完全合理，应严格遵守。当前最佳策略是按兵不动，待中期趋势明朗或价格给出极佳的安全边际再行动。,下跌趋势 + 正常波动,60.9,46.5,1.7270,-2.6970,89.2,87.6,92.4,27.8,14.0,55.3,99.19,106.51,113.14,106.33,空头,bullish,横盘,下跌,3.35,8.67,140.3%,109.3%,91.20,15.5,,
2026-04-21,107.46,BLOCK,13,0,1,7,"纺锤线(看涨), Haramicross(看跌), 陷阱信号(看跌)","吞没形态(看涨), 三线反包(看涨), 长实体线(看涨)",2,周线是中期趋势的指南针，优先看周线。当前周线趋势明确为下跌：周线RSI 46.5，处于中性偏弱区域，未出现超卖反转信号；MACD柱为 -2.697，连续负值且未收敛，空头动能仍在释放；KDJ虽在低位（K=27.8，D=14），但J值55.3，未形成金叉，反弹力度存疑。均线方面，MA20（113.14）虽仍高于MA50（106.33），但价格107.46已跌破MA20，这是多头排列弱化的初期信号，中期方向偏向继续下探。周线K线形态出现吞没、三线反包等看涨组合，但也存在长实体阴线和收盘光头光脚的看跌信号，多空交织但空头更占优。  日线则显示短期反弹：RSI 59.7接近60，KDJ的K=89.4、D=88.4、J=91.6，已进入超买区，短线回调压力很大；MACD柱为正但数值不大，反弹持续性存疑。日线趋势虽标为上涨，但这是在周线下跌背景下的逆势修正，属于次级反弹。同时，入场价107.46离最近支撑位91.20相差15.1%，下方没有安全垫，一旦反弹结束，回撤空间较大。日线K线纺锤线、高浪线等尽管有看涨含义，但更反映多空分歧加剧，结合超买指标，容易演变为反弹高点。  总结：周线下跌方向未变，日线超买且远离支撑，所以日线的短期上涨只是噪音，不具备逆势做多的基础。,周线定方向，日线定时机。当前周线趋势是下跌，做多属于逆势操作，除非价格在关键支撑位且出现明确的底部反转结构。但本次计划入场位置107.46距离最近支撑91.20超过15%，完全不具备支撑保护。日线虽然短线反弹，但KDJ超买、量比不足（97.1%），无量能配合的反弹在空头趋势中往往昙花一现。正确的做法是：顺应周线方向，等反弹至阻力区后再考虑做空，或者至少等周线趋势扭转为上升后，再在日线的回调支撑位寻找买点。区间交易也不适用，因为周线是单边下跌趋势，不适合高抛低吸。逆势反弹只能看作持仓者离场或减仓的机会，而非新开多单的时机。当前最好的选择是什么都不做，保持观望。,逆势操作：周线下跌趋势明确，计划做多与中期方向相反; 入场位置远离支撑位（距支撑91.20有15.1%），无安全边际; 日线KDJ严重超买（J值91.6），短期回调概率高，追高极易被套; 成交量不足（量比97.1%），反弹缺少资金认可; 交易理由仅强调长期看好，忽略当前趋势和风险，属于情绪驱动决策,确认偏误：因长期看好该股票业绩，选择性地忽略周线下跌和日线超买等不利信号; 过度自信：相信自己能逆势抓反弹，但缺乏客观入市条件支撑; 锚定效应：可能潜意识锚定在更高的价格，认为当前价位已较低，而忽略趋势可能继续下行,本次买入计划的合理性极低，仅得2分。周线处于下跌趋势，而入场点既不在支撑位、日线又超买，相当于顶着空头大方向追涨，风险远大于潜在收益。规则引擎的阻断完全合理。强烈建议取消本次交易，耐心等待周线趋势扭转或出现极强支撑位的买入信号，届时再评估。市场永远不缺机会，缺的是耐心和纪律。,下跌趋势 + 正常波动,59.7,46.5,1.7242,-2.6970,89.4,88.4,91.6,27.8,14.0,55.3,99.66,106.20,113.14,106.33,空头,bullish,上涨,下跌,3.28,8.67,97.1%,109.3%,91.20,15.1,,
2026-04-22,107.87,BLOCK,13,0,1,7,"收盘光头光脚(看涨), 纺锤线(看涨), Haramicross(看跌)","吞没形态(看涨), 三线反包(看涨), 长实体线(看涨)",2,周线层面：周线趋势标记为“下跌”，价格低于MA20（113.14），MACD柱为负值（-2.6970），KDJ中K、D处于低位但J值快速回升至55.3，RSI 46.5偏中性，均线虽呈多头排列（MA20>MA50），但价格处于均线之间且未能站稳MA20，表明中期反弹受阻，整体仍处于下跌修复格局。周K线形态出现吞没、三线反包等看涨组合，也有长实体看跌，说明多空激烈分歧，尚未形成明确的底部反转。日线层面：日线趋势标记为“上涨”，RSI 60.4未超买，但KDJ的K=91、D=89.9、J=93.2已进入严重超买区，MACD柱正，价格位于MA20（100.09）上方，显示短期反弹力度较强。日K线出现纺锤线、高浪线等暗示动能衰减，Harami cross为看跌信号，表明短期上涨可能接近尾声。日线与周线严重矛盾：周线中期偏空，日线短期超买，属于典型的逆势反弹。最近的支撑在91.20，距离当前价15.5%，非常远，当前价位并无有效支撑保护。综合判断：周线定中期方向为空，日线超买不宜追涨，此处买入属于在下跌趋势中追高，风险极大。,周线下跌趋势明确，日线虽然反弹但已进入超买区（KDJ高位钝化），且远离支撑，完全不符合“周线定方向，日线定时机”的安全买点。趋势跟踪者应等待周线转多再考虑买入；区间交易者因ADX 26.1趋势偏弱，但周线偏空下的区间上沿阻力明显，不宜做多；逆势反弹仅当价格回踩强支撑（如91.20附近）并出现日线止跌信号时才可考虑，当前价位远高于支撑，盲目追入极易被套。最佳策略是“什么都不做”，等到周线企稳或日线充分回调至支撑区域再评估。,周线下跌趋势中做多，且不在支撑位，触发规则引擎逆势操作阻止，完全合理; 日线KDJ严重超买，短期回调风险极高; 止损幅度-10%设置较宽，支撑远在15.5%外，流动性不足时可能滑点更大; 交易理由仅为'长期看好业绩'，缺乏技术面或基本面的具体入场依据,确认偏误：仅关注长期看好业绩，忽略明显的中期空头趋势和超买信号; 过度自信：在没有历史交易记录、无明确技术底部形态时贸然入场; 锚定效应：可能锚定于过去的高价或业绩预期，忽视当前市场环境,本次买入计划极不合理，评分2/10。核心问题在于逆势操作：周线明显处于下跌格局，日线虽反弹但KDJ严重超买，且入场点远离关键支撑15%以上，止损难以有效保护。仅凭长期看好基本面而忽视技术面的大级别空头环境，属于典型的新手追高行为。规则引擎的拦截完全正确，建议放弃本次交易，耐心等待周线趋势明朗后再寻找机会。,下跌趋势 + 正常波动,60.4,46.5,1.6726,-2.6970,91.0,89.9,93.2,27.8,14.0,55.3,100.09,106.01,113.14,106.33,空头,bullish,上涨,下跌,3.16,8.67,97.3%,109.3%,91.20,15.5,,
2026-04-23,105.98,BLOCK,13,0,1,7,"收盘光头光脚(看涨), 吞没形态(看跌), 纺锤线(看涨)","吞没形态(看涨), 三线反包(看涨), 长实体线(看涨)",2,"周线解读：RSI(14)46.5处于中性偏弱区间，未超卖；MACD柱为-2.6970，显示下跌动能仍在；KDJ中K值27.8、D值14.0均处于低位，J值55.3尚未形成金叉，暗示中期调整尚未结束。周线均线排列为MA20(113.14)高于MA50(106.33)，但当前价格105.98已跌破MA20，中期趋势偏弱，方向向下。周线趋势已明确标注为下跌，K线形态虽有吞没看涨、三线反包等信号，但尚未确认反转。日线解读：RSI 55.5中性，KDJ处于高位（K=82.1,D=87.5,J=71.2），已有回调压力；MACD柱为正值1.4425，日线趋势标注为上涨，但这是在周线下跌格局中的短期反弹。日线与周线明显矛盾，日线上涨只是周线下跌趋势中的逆势修正。最近支撑在91.20，距当前价13.9%，距离较远；阻力位未明确，但MA20和MA50在100.39-105.81区域构成压力。综合看，周线下跌定调，日线反弹接近压力区，随时可能结束反弹。",周线趋势是明确的下跌，日线虽然短期上涨，但这是逆势反弹，绝非可靠的入场时机。趋势跟踪策略要求在周线下跌中避免做多，除非有强烈的底部反转信号，目前周线KDJ低位但未金叉，MACD仍为负，不满足条件。区间交易方面，市场并非震荡市，而是下跌趋势，不适合逢低做多。逆势反弹观点下，本次日线上涨只是周线下跌中的短暂修正，应视为离场机会而非买入机会。当周线与日线方向相反时，‘什么都不做’是最理性的选择，等待周线出现明确的止跌信号或日线回调至支撑位并出现企稳形态后再考虑。,规则引擎已触发T01逆势操作禁令，周线下跌趋势中做多且不在支撑位附近，风险极高。; 日线上涨只是周线下跌中的短期修正，周线MACD、KDJ均未确认反转，盲目追涨容易被套。; 入场价105.98距离91.20的最近支撑尚有13.9%的下跌空间，止损幅度达10%，但支撑较远，止损后可能继续下跌。,确认偏误：'长期看好该股票业绩'只关注了基本面，忽略了技术面明确的下跌趋势。; 过度自信：在无历史交易记录时基于基本面主观判断买入，未尊重周线级别的下行风险。; 锚定效应：可能对股票过去表现形成心理锚点，未客观评估当前周线下跌的实际压力。,评分2分。周线趋势明确为下跌，日线的上涨只是短暂的逆势反弹，规则引擎已正确拦截这笔买入。即使长期看好，也应等待周线出现底部结构（如MACD柱回升、KDJ低位金叉、价格站回MA20）后再通过日线寻找入场点。目前最明智的选择是观望，而不是在下跌趋势中盲动。,下跌趋势 + 正常波动,55.5,46.5,1.4425,-2.6970,82.1,87.5,71.2,27.8,14.0,55.3,100.39,105.81,113.14,106.33,空头,bullish,上涨,下跌,3.22,8.67,112.7%,109.3%,91.20,13.9,,
2026-04-24,110.96,BLOCK,13,0,1,7,"收盘光头光脚(看涨), 吞没形态(看跌), 吞没形态(看涨)","吞没形态(看涨), 三线反包(看涨), 长实体线(看涨)",3,周线：均线排列为 bullish（MA20=113.01 > MA50=106.78），暗示中期方向可能向上，但周线趋势字段标记为“下跌”，且 MACD 柱为负（-1.7085），说明下跌动能仍在释放。RSI 50.9 中性，KDJ 的 J 值高达 95.2，处于超买区域，同时 K 线上穿 D 线，有金叉看涨信号但 J 值极高容易引发回调。周线 K 线形态中出现多个看涨信号（吞没、三线反包、大阳线），但也有推进受阻形态，显示上方压力明显。整体而言，周线正处于下跌趋势可能转多的尝试阶段，但尚未确认反转。  日线：RSI 63.8 偏强但未超买，KDJ 的 K=80.2、D=84.4 处于高位，J=71.7 回落，有高位死叉风险。MACD 柱为正且较大，短期动能向上。日线趋势显示“上涨”，K 线形态既有看涨吞没、光头光脚阳线，也有吞没看跌和长实体阴线，说明日内多空争夺激烈。量比 216% 显示放量，但当前位置远离最近支撑 91.20（距离 17.8%），缺乏有效的回调买点。  综合：周线试图由跌转涨，但确认度不足；日线短期偏强，但处于连续上涨后的相对高位，且远离支撑，入场安全边际较低。日线与周线信号存在矛盾（周线尚未转多，日线已上涨），此时应以周线大方向为优先考量。,周线方向仍偏向下整固，虽然均线多头排列带来转多期望，但 MACD 负柱和推进受阻 K 线表明上方压力未消化。日线的上涨更像是在下跌大背景下的短期反弹，而非趋势反转的确认。当前价格远离关键支撑，直接追入属于典型的“逆势追高”。区间交易也不适合，因为周线尚未进入明确的震荡区间。逆势反弹策略要求严格的止损和支撑位参考，但本次计划并未在支撑位附近入场，风险回报比不理想。最好的选择是“什么都不做”，等待周线出现明确的趋势反转信号（如 MACD 转正、价格站稳 MA20 上方）或日线回踩至较近的支撑区域再考虑介入。,周线趋势仍为下跌，做多属于逆势操作，且入场点远离任何有效支撑（距支撑 17.8%），安全边际极低; 日线 KDJ 高位死叉风险叠加周线 KDJ 的 J 值极高，短期回调概率大; 交易理由仅为“长期看好业绩”，与技术面信号脱节，缺乏入场时机的技术依据; 量比放大但未提供突破关键阻力的确认，可能为高位换手而非健康突破,确认偏误：因长期看好基本面而忽略当前逆势的高风险，选择性关注日线的上涨信号; 过度自信：在没有历史交易记录的情况下，直接以远离支撑的价格进场，低估回调风险,规则引擎的 BLOCK 是合理的。本次买入计划在下跌趋势中远离支撑位做多，胜率低且风报比不佳，即使长期看好也应等待更好的技术买点。综合评分 3 分，不建议执行此计划。,下跌趋势 + 正常波动,63.8,50.9,1.5477,-1.7085,80.2,84.4,71.7,52.2,30.6,95.2,101.10,105.73,113.01,106.78,空头,bullish,上涨,下跌,3.60,8.67,216.0%,123.2%,91.20,17.8,,
2026-04-25,110.96,BLOCK,13,0,1,7,"收盘光头光脚(看涨), 吞没形态(看跌), 吞没形态(看涨)","吞没形态(看涨), 三线反包(看涨), 长实体线(看涨)",2,先看周线（决定中期方向）：均线排列为多头（MA20 113.01 > MA50 106.78），但当前价格 110.96 低于 MA20，表明中期上涨动能减弱，可能转弱。MACD 柱为负值（-1.7085），说明中期下跌压力存在。KDJ 的 J 值高达 95.2，属于超买区域，暗示本周反弹可能接近尾声，后续回调风险增大。周线 RSI 50.9 中性，但整体周线趋势被标记为“下跌”，这主要因为价格承压于 MA20 下方且 MACD 持续为负。再看日线（决定短期时机）：日线趋势上涨，RSI 63.8 未超买，MACD 柱正值，量比放大至 216%，显示今日有资金推动反弹。但日线 K 线形态出现吞噬形态（看跌）和长实体阴线，说明上涨途中遇到卖压，多空分歧明显。日线的短期上涨与周线的中期下跌相矛盾，属于下跌趋势中的反弹。最近支撑在 91.20，距离当前价 17.8%，非常远，缺乏安全垫。日线与周线的信号不一致，周线方向优先，因此应视为中期下跌环境下的短期噪音反弹。,周线趋势为下跌，日线的上涨只是反弹。在下跌趋势中，反弹是减仓或观望的机会，而不是追涨买入的时候。日线的放量反弹并未能突破周线 MA20（113.01）反压，且周线 KDJ 超买，随时可能遇阻回落。ADX 仅 26.1，表明整体趋势强度不足，反弹的持续性存疑。最合理的操作是等待周线重新确认趋势，或者日线出现新的支撑位回踩确认再考虑。当前“什么都不做”是较好选择，因为周线下跌与日线反弹矛盾，且入场点远离支撑，止损高达 10%，风险报酬比不合理。,周线趋势为下跌，买入属于逆势操作，且未在支撑位附近（最近支撑在 91.2，距离 17.8%），风险较大; 周线 KDJ 的 J 值 95.2 超买，中期反弹可能见顶，追入容易被套; 止损设在 -10%（99.86），但下方支撑远，止损可能被打掉后无支撑参考; 交易理由仅提及长期看好业绩，缺乏技术面支撑，忽略当前下跌趋势; 量比 216% 放量，但逆势放量可能吸引短线抛出，并非可靠的突破信号,确认偏误：仅关注长期基本面理由，忽视当前中期下跌的技术信号; FOMO：在反弹放量时担心踏空，而选择追高,评分 2 分（满分 10）。周线下跌趋势明确，日线反弹并非买入时机，且入场价远离支撑，缺乏安全边际。交易理由中只有基本面预期，完全忽略技术面的中期风险，属于典型的逆势追涨。规则引擎的 BLOCK 判断合理，建议放弃本次买入计划，等待周线止跌或日线回踩支撑出现后再评估。,下跌趋势 + 正常波动,63.8,50.9,1.5477,-1.7085,80.2,84.4,71.7,52.2,30.6,95.2,101.10,105.73,113.01,106.78,空头,bullish,上涨,下跌,3.60,8.67,216.0%,123.2%,91.20,17.8,,
2026-04-26,110.96,BLOCK,13,0,1,7,"收盘光头光脚(看涨), 吞没形态(看跌), 吞没形态(看涨)","吞没形态(看涨), 三线反包(看涨), 长实体线(看涨)",2,我们先看周线（中期方向）：周线RSI 50.9处于中性，但MACD柱为-1.7085（负值），表明空头动能仍在释放，周线趋势明确标记为“下跌”。周线均线MA20(113.01)在MA50(106.78)之上，属于多头排列，这常被视为牛市背景，但需要注意价格当前110.96，位于MA20下方、MA50上方，说明周线级别价格正在尝试收复MA20但尚未站稳，多头排列尚未形成有效的上升趋势，反而是下跌趋势中的反弹修复。周线KDJ的J值高达95.2，处于严重超买区域，K/D值仅为52.2/30.6，高位钝化，这往往是反弹末端信号，而非趋势反转。周线K线形态出现“推进受阻（看跌）”以及一些看涨形态，整体多空交织，但超买信号值得警惕。综合周线：中期方向偏空，反弹接近阻力区，不宜追多。  再看日线（短期入场时机）：日线RSI 63.8未进入超买区，MACD柱1.5477正值，显示短期多头动能。日线趋势标记为“上涨”，但注意MA20(101.10)仍在MA50(105.73)下方，属于空头排列下的反弹，即短期上涨是在中期空头结构内发生的。日线K线形态出现“吞没形态（看跌）”与“收盘光头光脚（看涨）”等矛盾信号，说明短期多空争夺激烈，尚未形成一致强势。量比216%说明今天放量，但放量方向需结合收盘，若是放量滞涨则更危险。最近支撑在91.20，距离当前价位17.8%，非常远，止损设在99.86（-10%）也远未触及支撑，说明入场后一旦回落，下方缺乏有效心理支撑。  周线看跌、日线反弹但周线已超买，且远离支撑，此时入场做多属于逆中期趋势的追反弹行为，风险较大。,周线趋势向下，日线短期反弹只是周线下跌趋势中的修正。周线KDJ的J值95+已发出超买警告，预示反弹可能随时结束。此时买入属于典型的逆势操作，即使在日线看到涨势也不应跟进，因为周线压制下日线反弹空间有限，且下方无支撑保护。如果确实看好该股票业绩，更好的策略是等待周线出现明确的底部信号（如MACD底背离、KDJ低位金叉）或价格回踩91.20支撑位附近获得确认后再考虑。当前环境下，“什么都不做”是最优选择：周线与日线矛盾（周跌日涨），ADX值26.1未提供强趋势指引，量能放大但未突破关键阻力，观望是最稳妥的做法。若非常想参与，可考虑极小仓位尝试，但止损必须设在支撑位下方，而目前止损位远在支撑之上，形同虚设。因此，建议取消本次交易计划。,周线趋势向下且KDJ超买，此时做多逆中期趋势; 入场价距离下方有效支撑91.20达17.8%，止损空间内无技术性支撑，风险敞口大; 日线均线空头排列下的反弹持续性存疑，量比放大可能为离场信号而非追多信号; 规则引擎T01阻断合理，不应被忽略,确认偏误：仅以“长期看好业绩”为由忽视技术面的逆势信号; 锚定效应：可能锚定在曾经的高点或心理价位，忽略了当前下跌趋势; FOMO（害怕错过）：日线上涨引发生怕踏空的情绪，追入逆势行情,本次交易计划合理性很低，评分2分。核心问题是在周线下跌趋势且超买的背景下逆势做多，且入场位远离有效支撑，止损缺乏技术依据。长期看好基本面可以理解，但入场时机出现严重错误，往往会造成即使方向最终正确也会在短期被洗出局。建议严格执行规则引擎的阻断信号，取消该笔交易，耐心等待更安全的技术性买点。,下跌趋势 + 正常波动,63.8,50.9,1.5477,-1.7085,80.2,84.4,71.7,52.2,30.6,95.2,101.10,105.73,113.01,106.78,空头,bullish,上涨,下跌,3.60,8.67,216.0%,123.2%,91.20,17.8,,
2026-04-27,116.58,BLOCK,13,0,1,7,"吞没形态(看跌), 吞没形态(看涨), 三线反包(看涨)","吞没形态(看涨), 三线反包(看涨), 长实体线(看涨)",2,周线：RSI(50.9)中性，MACD柱-1.7085（负值）提示中期下跌动能，KDJ的J值95.2处于超买区但K/D尚未过热，周线均线MA20上穿MA50为金叉排列看涨，但周线整体趋势标注为“下跌”，这可能是由于价格未站稳均线或长期下降结构未打破，形成指标矛盾。日线：RSI 70.5接近超买，KDJ高位钝化（K/D/J均在80附近），MACD柱正值但出现吞没形态、大阳线等看跌反转K线组合，同时也有看涨吞没和三线反包等矛盾信号。最近支撑91.20（距现价21.8%），阻力128.99（距10.6%）。日线短期虽然上涨，但处于下跌大趋势中的反弹，且位置远离支撑、逼近阻力。,以周线定方向：下跌趋势中，做多属于逆势操作；只有当价格回踩关键支撑并有明确反转信号时才可考虑。当前价格距支撑过远，日线超买且K线出现看跌反转信号，即使日线短期偏强，也仅是周线下跌趋势中的修正反弹。最合理的做法是保持观望，等待价格回落到91.20附近或周线确认趋势反转（如MACD转正且站稳均线）。切勿在远离支撑的阻力区域逆势追涨。若非要操作，可设更宽止损，但评分极低。,周线下跌趋势中逆势做多，违反核心纪律; 入场点距最近支撑过远（21.8%），无安全边际; 日线RSI 70.5+KDJ高位，短期追高风险大; 日线K线出现看跌吞没形态，上涨可能衰竭; 交易理由仅凭基本面“长期看好”，缺乏技术面时机确认,确认偏误（只看好基本面，忽略下跌趋势和超买信号）; FOMO（害怕错过反弹，实则追在超买区）; 过度自信（首次交易该标的却主观判断业绩向好）,规则引擎的T01阻挡完全合理。当前计划在明确的下跌趋势中、远离支撑位处做多，属于典型的逆势追涨，风险收益比极差。建议放弃本次交易，严格执行纪律，优先保护本金。中长期看好也需等待趋势反转信号或安全边际更好的入场点。,下跌趋势 + 正常波动,70.5,50.9,1.8948,-1.7085,80.6,81.0,79.9,52.2,30.6,95.2,102.05,105.83,113.01,106.78,空头,bullish,上涨,下跌,3.83,8.67,212.7%,123.2%,91.20,21.8,128.99,10.6
2026-04-28,114.00,BLOCK,13,0,1,7,"吞没形态(看涨), 孕线(看跌), 内包线(孕线)(看跌)","吞没形态(看涨), 三线反包(看涨), 长实体线(看涨)",3,先看周线（中期风向标）：周线RSI在50.9，属于中性区域，没有明显超买或超卖；MACD柱为-1.7085，这意味着中期下跌动能尚未完全衰竭；KDJ的J值达到95.2，通常在超买区，暗示短期周线级别的反弹可能已经过度，有回调风险。周线均线MA20(113.01)在MA50(106.78)上方，这是一个bullish的均线排列，但价格当前114刚好站上MA20，且周线趋势被系统标记为“下跌”，这可能是中期方向仍偏空，均线排列仅仅是下跌中的暂时修复。整体周线信号是：中期仍偏弱，反弹可能接近尾声，不构成可靠的做多环境。 再看日线（短期入场时机）：日线RSI 64.6属偏强但尚未达到超买（70+）；MACD柱1.8478为正，说明短期动能向上；但KDJ的K=83.4、D=81.4、J=87.3都已进入高位区，股价容易遭遇获利回吐。日线K线出现吞没形态、三线反包等看涨信号，但同时也有孕线、内包线等看跌信号，形态上内部矛盾，没有形成一致预期。日线趋势虽然显示上涨，但在周线下跌的大背景下，这种上涨更可能是一次短期反弹。日线与周线矛盾，按照“周线定方向，日线定时机”的原则，应服从周线偏空判断。最近支撑在91.20（距当前约20%），非常远；最近的阻力在128.99（距当前约13.1%），上方空间有限。综合来看，技术指标不支持在当前位置追多。,趋势跟踪角度：周线趋势被判定为下跌，且周线KDJ超买，MACD仍为负值，表明中期趋势并未反转，此时不宜依据日线反弹信号做趋势跟随。只有等待周线出现明确底部形态（如双底、MACD金叉、站上关键均线）再考虑做多。 区间交易角度：周线趋势不是震荡市（下跌趋势+正常波动），区间策略不适用。 逆势反弹角度：当前计划属于典型的逆势做多。日线虽有看涨K线，但距离支撑位过远，止损空间高达10%，盈亏比并不理想。周线下跌中的反弹往往是给仓位较重者减仓的机会，而非开新仓的时机。 最好的选择是“什么都不做”。当周线方向与日线信号矛盾、日线KDJ高位、距离支撑较远且量能只是略放量(132.7%)时，保持观望胜率更高。,周线趋势为下跌，计划做多属于逆势操作，违反核心原则; 入场价距离最近支撑91.20太远（约20%），缺乏安全垫，止损位102.6距离支撑也有空间，容易被打掉; 周线KDJ的J值高达95.2，反弹可能超买，追高风险较大; 日线K线形态矛盾（同时存在看涨吞没和看跌孕线），方向不清晰; 交易理由仅为长期看好业绩，忽略了当前技术面逆势与超买风险，存在主观偏差,确认偏误：已有长期看好的观点，只关注支持上涨的K线形态（吞没、三线反包），忽视看跌信号; 锚定效应：过度锚定标的的长期业绩前景，而忽视当前价格与趋势的不匹配; 过度自信：在趋势不配合、指标高位时仍决定入场，可能高估自己择时的能力,综合评分3分，这个买入计划存在明显缺陷。核心问题是逆着周线下跌趋势做多，且入场位置远离有效支撑，多周期指标均指向反弹高位而非趋势反转。虽然日线有部分看涨形态，但内部矛盾较大，不足以对抗周线偏空格局。交易理由仅基于基本面长期看好，忽略了技术面给出的明确风险信号，这是新手交易中常见的“锚定”和“确认偏误”。当前最优决策是保持观望，等待更稳妥的做多条件出现。,下跌趋势 + 正常波动,64.6,50.9,1.8478,-1.7085,83.4,81.4,87.3,52.2,30.6,95.2,102.96,105.86,113.01,106.78,空头,bullish,上涨,下跌,3.88,8.67,132.7%,123.2%,91.20,20.0,128.99,13.1
2026-04-29,112.47,BLOCK,13,0,1,7,"陷阱信号(看涨), 三线反包(看涨), 三线内包(看跌)","吞没形态(看涨), 三线反包(看涨), 长实体线(看涨)",2,周线：RSI 50.9 中性，MACD柱为负值(-1.7085)显示下跌动能，KDJ中K=52.2 D=30.6 J=95.2，J值高位钝化有回调风险，周线均线MA20 113.01位于MA50 106.78之上形成多头排列，但周线趋势标记为下跌，说明均线排列虽bullish但价格已跌破均线，中期趋势偏空。综合周线中期信号为下跌趋势中的反弹。 日线：RSI 61.3 偏高但未超买，MACD柱正值，KDJ K=77.2 D=80.4 J=70.9高位死叉可能，日线趋势标记为上涨，但日K线形态同时出现看涨陷阱信号、三线反包等看涨形态，以及看跌孕线、内包线等看跌形态，信号混杂。日线短期信号与周线中期下跌方向产生对抗，日线的上涨可能仅为下跌趋势中的短期反弹。 最近支撑91.20距离当前18.9%，较远；阻力128.99距离14.7%。当前价格位于宽幅区间内，无明显支撑位保护。,周线定方向为下跌趋势，日线定时机为反弹高位。周线下跌意味着大方向向下，任何做多操作都属于逆势交易，风险较高。日线虽然有上涨趋势，但KDJ高位，且K线形态有多空分歧，反弹空间可能受限。在下跌趋势中，除非价格回落至强支撑位（如91.20附近）出现企稳信号方可考虑做多，否则不应盲目追高。当前计划入场价112.47远离支撑，且上方面临周线均线压力，盈亏比不理想。因此建议观望，等待更明确的底部结构或趋势反转信号，或等待价格回到支撑区域再评估。,周线趋势明确下跌，做多属逆势操作，且不在支撑位附近，规则引擎BLOCK合理; 日线信号与周线矛盾，日线反弹高度有限，追高风险大; 交易理由仅为基本面长期看好，未考虑技术面中期下跌风险，存在确认偏误,确认偏误（仅关注长期看好业绩而忽略下跌趋势）; 可能FOMO（担心错过反弹）,评分2/10，非常不合理。周线下跌趋势明确，做多属逆势操作，且入场价远离支撑，缺乏安全边际。交易者应遵守交易纪律，避免在下跌趋势中因短期反弹而冲动买入。建议等待趋势转折信号或回调至关键支撑再评估。,下跌趋势 + 正常波动,61.3,50.9,1.6191,-1.7085,77.2,80.4,70.9,52.2,30.6,95.2,103.88,105.81,113.01,106.78,空头,bullish,上涨,下跌,3.91,8.67,106.8%,123.2%,91.20,18.9,128.99,14.7
2026-04-30,118.73,BLOCK,13,0,1,7,"陷阱信号(看涨), 分离线(看涨), 三线内包(看跌)","推进受阻(看跌), 三线反包(看涨), 大阳线(看涨)",3,我们从周线（中期趋势）开始看。周线均线是多头排列，MA20在MA50之上，说明中期并不弱，但趋势被标记为横盘，因为价格没有持续突破某个区间。周线KDJ的J值达到118.8，这是一个超买信号，暗示中期上涨动能可能衰竭，存在回调需求。周线MACD柱仍为负值但接近零轴，方向不明。周线K线形态里有推进受阻（看跌）和三线反包（看涨）、大阳线（看涨），多空分歧较大。  再看日线。日线RSI 68.4，虽未触及70超买线，但已在高位区；KDJ三个值都在70上方，短期情绪偏热。日线MACD柱为正且较高，短线仍有上冲动能。日线均线目前MA20还在MA50之下（105.00对105.86），是空头排列，但距离已经很近，价格118.73已经远远站上这两条线，说明短期反弹力度强，但均线尚未给出多头确认。日线K线形态里有看涨信号（陷阱信号、分离线），也有看跌信号（孕线、内包线），显示多空在当前位置争夺。  最近的支撑较远，在91.20（距离23.2%），对短线操作几乎没有保护作用；最近的阻力在128.99（距离8.6%），价格上行很快会遇到阻力。  综合来看，周线中期方向不明确（横盘），但超买信号需要警惕；日线短期虽然强势，但已接近超买区，且离上方阻力不远，风险在积聚。,周线横盘加超买，表示市场处于震荡区间偏高位置，不适合追涨。日线虽然反弹力度强，但距离阻力仅8.6%，而下方有效支撑在23%之外，止损设置-10%（106.86）完全处于两个支撑之间的真空地带，一旦回落很容易被触发。在周线没有明确上涨趋势的情况下，日线的反弹更可能是区间内的短期波动，而不是新趋势的起点。因此，目前更好的做法是等待：要么等周线KDJ回落、指标修复后出现新的买入信号，要么等价格回踩更近的支撑（如日线均线区域）再考虑。逆势或区间高位追进的风险远大于潜在收益。,周线KDJ J值118.8，中期超买，回调风险高; 日线RSI 68.4、KDJ高位，短期情绪过热; 入场点距离上方阻力仅8.6%，但距离下方有效支撑23.2%，风险收益比差; 日线均线仍未金叉，中线底部尚未确认; 止损设置-10%处于无支撑区域，容易被市场噪声扫到,确认偏误：仅依据'长期看好业绩'而忽视当前技术面多重警告信号; 锚定效应：可能锚定在过去的某一基本面印象上，未根据当前盘面调整入场时机,本次买入计划综合评分为3分。周线中期超买、日线短期过热，上方阻力近而下方支撑远，技术面条件很不理想。交易理由仅提及长期看好业绩，属于基本面偏好，但完全忽略盘面给出的风险信号。规则引擎已正确给出逆势操作的拦截，建议遵守纪律，放弃当前入场，等待更合适的时机。,下跌趋势 + 正常波动,68.4,56.1,1.7818,-0.4966,77.1,79.2,72.7,73.7,51.2,118.8,105.00,105.86,113.24,107.37,空头,bullish,上涨,横盘,4.16,8.77,197.1%,140.4%,91.20,23.2,128.99,8.6
2026-05-01,118.73,BLOCK,13,0,1,7,"陷阱信号(看涨), 分离线(看涨), 三线内包(看跌)","推进受阻(看跌), 三线反包(看涨), 大阳线(看涨)",3,周线方面：RSI(56.1)处于中性区域，无极端信号；MACD柱为-0.4966，显示中期动能偏弱；KDJ的J值高达118.8，暗示周线级别有超买嫌疑；均线排列为bullish（MA20在MA50之上），但周线趋势定义为横盘，多空力量均衡。周线K线形态中，三线反包和大阳线为看涨信号，推进受阻为看跌信号，整体多空混杂，未形成一致方向。日线方面：RSI(68.4)接近超买区域；KDJ的K、D值均在高位，J值回落，提示短期上行动能可能减弱；MACD柱正且扩大，日线趋势定义为上涨。日线K线形态既有陷阱信号、分离线看涨，又有三线内包、孕线、内包线看跌，显示多空博弈激烈，短期方向不明。日线距支撑91.20（23.2%）很远，距阻力128.99（8.6%）较近，上行空间有限。周线定方向为横盘偏中性，日线短期信号混乱且接近阻力，未提供理想的顺势入场时机。,周线处于横盘状态，方向不明，此时应避免重仓追涨。日线虽然短期趋势向上，但指标和形态均显示多空分歧，且价格远离支撑位，安全边际不足。在周线未给出明确趋势信号、日线超买且背离支撑时，‘什么都不做’是最佳选择。若强行在下跌趋势市场环境下做多，等于逆势操作，风险极大。建议等待周线走出明确方向或日线回调至关键支撑位附近再评估。,计划买入方向与市场环境（下跌趋势）矛盾，属于逆势操作; 入场价远离最近支撑位（23.2%），止损空间虽然合理但缺乏技术依据; 日线指标接近超买，K线形态多空混杂，短期回调风险大; 周线横盘，未提供有力趋势支撑，反而J值超买暗示承压,确认偏误：仅基于长期看好业绩而忽略技术面逆势信号; 过度自信：在明确下跌趋势中仍打算买入，且无历史交易记录验证策略; 锚定效应：可能锚定于对股票基本面的主观判断，忽视了当前价格位置和趋势,此次买入计划存在明显逆势操作问题，技术面周线横盘、日线超买且远离支撑，风险收益比不佳。综合考虑规则引擎的BLOCK判定合理，建议放弃本次交易，观望直至出现更可靠的顺势信号。评分3分，主要扣分项为逆势、缺乏支撑保护和主观偏误。,下跌趋势 + 正常波动,68.4,56.1,1.7818,-0.4966,77.1,79.2,72.7,73.7,51.2,118.8,105.00,105.86,113.24,107.37,空头,bullish,上涨,横盘,4.16,8.77,197.1%,140.4%,91.20,23.2,128.99,8.6
2026-05-02,118.73,BLOCK,13,0,1,7,"陷阱信号(看涨), 分离线(看涨), 三线内包(看跌)","推进受阻(看跌), 三线反包(看涨), 大阳线(看涨)",3,"周线分析：周线RSI(14)在56.1，处于中性偏强区间，未超买超卖。周线MACD柱为-0.4966，仍在零轴下方，显示中期动能偏空但减弱。周线KDJ指标K=73.7, D=51.2, J=118.8，J值进入超买区域（>100），提示短期有回调需求。周线均线情况：MA20(113.24) < MA50(107.37)，但价格118.73站在两条均线之上，呈现均线多头排列（MA20>MA50），表明中期趋势有转多迹象，但需确认。周线趋势定义为横盘，说明多空力量相对均衡。周线K线形态出现推进受阻（看跌），但也有三线反包和大阳线（看涨），信号矛盾，需观望。  日线分析：日线RSI为68.4，接近超买阈值（70），显示短期多头动能较强但面临压力。日线KDJ处于高位（K=77.1, D=79.2, J=72.7），有钝化可能，暗示上升空间有限。日线MACD柱为正值1.7818，短期动能向上，但需警惕拐头。日线K线形态上，出现了多种信号：看涨的陷阱信号和分离线，但同时也出现看跌的孕线、内包线、三线内包，多空分歧明显，尤其在相对高位出现的孕线、内包线往往暗示上涨乏力，可能回调。日线趋势为上涨，但市场环境定义为下跌趋势，该上涨可能只是下跌趋势中的反弹。日线MA20(105.00)远低于当前价格，MA50(105.86)也较低，价格偏离均线较远，存在均值回归需求。最近支撑在91.20（距离23.2%），非常遥远，缺乏有效防守；最近阻力128.99（距离8.6%），向上空间有限。综合看，日线虽强但指标高位，离支撑远，追入风险较高。",依据周线定方向、日线定时机的原则：周线趋势横盘，未形成明确上涨趋势，且周线KDJ超买，MACD仍需翻正确认，周线信号不算明朗，等待更明确的突破信号为好。市场大环境为下跌趋势，该标的的日线上涨属于逆势行为，在没有靠近关键支撑位的情况下做多，极容易被市场整体下跌拖累。即使看好个股，也应选择在日线回调至支撑区域（如周线MA20附近约113.24，或更强的支撑105附近）再考虑入场，这样盈亏比更合理。当前入场价118.73，止损106.86（-10%），距支撑较远，一旦下跌可能触发止损。建议观望，等待日线回踩均线或关键支撑，同时周线确认转强（如MACD柱翻正、周线突破横盘上沿）后再行动。或者什么都不做，因为当前周线横盘、日线高位，没有好的入场时机，强行交易容易受损。,逆势操作：市场整体处于下跌趋势，计划做多并与市场方向相反，且远离支撑位，风险极高; 入场点不佳：日线RSI接近超买，K线形态出现看跌信号，价格离均线乖离过大，有回调需求，买在高位; 止损设置过宽：止损-10%对应106.86，但下方无明确有效支撑，止损可能被击穿后进一步下跌; 周线信号不统一：周线KDJ超买，MACD仍为负值，虽然均线有转为多头的迹象，但尚未形成趋势，做多时机不成熟,确认偏误：仅因长期看好该公司业绩，忽视了当前市场下跌趋势和技术面的不利信号; 锚定效应：可能对股票内在价值有固定看法，忽略了价格行为的实际风险; FOMO（错失恐惧症）：看到日线上涨，担心错过上涨行情而急于追入，未等待合理回调,综合评分3分，不及格。尽管该股日线走势较强，但整体市场下跌趋势下逆势做多，且入场价远离支撑，周线指标也未给出明确多头信号，风报比很差。规则引擎对T01的阻止是合理的，当前计划缺乏安全边际。建议严格遵守纪律，放弃本次交易，等待更好的时机。记住，周线定方向，日线定时机，只有当周线确认多头氛围且日线给出合理回调买点时，才是值得参与的机会。,下跌趋势 + 正常波动,68.4,56.1,1.7818,-0.4966,77.1,79.2,72.7,73.7,51.2,118.8,105.00,105.86,113.24,107.37,空头,bullish,上涨,横盘,4.16,8.77,197.1%,140.4%,91.20,23.2,128.99,8.6
2026-05-03,118.73,PASS,14,0,0,10,"陷阱信号(看涨), 分离线(看涨), 三线内包(看跌)","推进受阻(看跌), 三线反包(看涨), 大阳线(看涨)",3,周线层面：RSI(56.1)处于中性区间，但KDJ中的J值高达118.8，暗示超买压力；MACD柱为负值（-0.4966），空头动能尚未消化；均线排列呈现bullish（周线MA20在MA50之上），但周线趋势定义为横盘，表明中期缺乏明确方向。周线K线形态出现推进受阻（看跌），同时也有三线反包和大阳线（看涨），多空冲突严重，整体更偏向震荡整理。日线层面：RSI(68.4)逼近超买区，KDJ高位钝化，J值开始拐头向下；日线趋势为上涨，但K线形态中出现多个看跌信号（三线内包、孕线、内包线），说明短期上涨动能衰减。日线与周线出现矛盾：周线横盘偏弱，日线上涨但受阻，此时日线的上涨更可能是短期噪音。最近阻力位128.99（仅8.6%空间），支撑位91.20（较远23.2%），当前价格处于阻力区附近，缺乏足够的上方安全边际。整体判断：周线横盘偏空，日线上涨乏力，面临技术性回调需求。,周线定方向，日线定时机。周线为横盘，既非明确上升趋势也非下降趋势，此时不宜按照趋势策略追涨。日线上涨但已出现动能衰减信号，且K线形态多空逆转，属于周线震荡区间内的上涨末端。震荡市中适合低买高卖，当前价格距离阻力较近（8.6%），距离支撑较远（23.2%），风险报酬比不理想。ADX为29.5，说明趋势强度一般，不足以支撑追涨操作。最佳策略是等待：要么等待价格有效突破阻力并回踩确认，要么等待回调至周线支撑附近再考虑介入。当前“立刻买入”并不是一个合宜的时机。,周线趋势为横盘，方向不明确，不具备趋势跟踪买入的基础; 日线RSI偏高且出现多个看跌K线形态，短期上涨动能可能衰竭; 入场价距离上方阻力仅8.6%，而止损设在-10%，盈亏比不佳; 止损位106.86低于入场价10%，过宽可能放大单笔风险，但仍可接受; 交易理由为长期看好，但未结合当前技术面择时，属于情绪化入场,过度自信：仅凭对股票业绩的长期看好，忽略周线横盘和日线超买的短期风险; 确认偏误：选择性地关注看涨的陷阱信号和分离线，而忽视孕线、内包线等看跌信号,评分3分：该买入计划在周线横盘、日线上涨乏力的背景下执行，技术面并不支持立即入场。虽然长期看好该股票，但择时十分糟糕，风险报酬比不理想，且存在多个情绪偏误。建议取消当前买入指令，等待更优的时机。如果坚持价值投资，可长期定投，但不应一次性重仓，并需做好深度回撤的心理准备。,上涨趋势 + 正常波动,68.4,56.1,1.7818,-0.4966,77.1,79.2,72.7,73.7,51.2,118.8,105.00,105.86,113.24,107.37,交叉,bullish,上涨,横盘,4.16,8.77,197.1%,140.4%,91.20,23.2,128.99,8.6
2026-05-04,118.73,PASS,14,0,0,10,"陷阱信号(看涨), 分离线(看涨), 三线内包(看跌)","推进受阻(看跌), 三线反包(看涨), 大阳线(看涨)",4,周线层面：RSI 56.1 位于中性偏强区域，尚未过热；MACD 柱为 -0.4966，负值显示中期动能偏弱；KDJ 的 K 值 73.7、D 值 51.2、J 值 118.8，J 值严重超买，暗示周线级别存在回调压力；均线 MA20 113.24 位于 MA50 107.37 之上，呈多头排列，支持中期看涨结构；但周线趋势被定义为横盘，均线多头与 MACD 动能不足矛盾，综合中期方向不明确，且 J 值超买警示追高风险。日线层面：RSI 68.4 接近超买临界值，上行动能可能减弱；MACD 柱 1.78 仍为正，但需注意是否开始缩短；KDJ 三线均处高位，市场短期偏热；均线 MA20 105.00 与 MA50 105.86 接近金叉，对价格有支撑；K 线形态出现看跌的孕线、内包线和三线内包，同时也有看涨的陷阱信号和分离线，显示多空激烈博弈，短期回调概率增加。综合来看，周线多空拉扯，日线短期可能面临回调，尽管长期结构尚在，但当前位置追入的风险偏高。最近支撑在 91.20，距离较远，止损设在 106.86 位于短期均线下方，有一定合理性。最近阻力 128.99，距离约 8.6%。,周线趋势为横盘，意味着市场缺乏明确的单边方向，此时进行趋势性追买容易被反复震荡消耗。周线虽有均线多头，但 KDJ 的 J 值超买和 MACD 负柱表明上行动力不足，应以区间震荡思路应对。日线虽然处于上涨状态，但 K 线组合出现多个看跌反转形态，且 RSI 逼近超买，显示短期涨势可能已近尾声，等待回调再介入更稳妥。当前入场价 118.73 距离上方阻力仅 8.6%，潜在盈利空间有限，而止损幅度高达 10%，盈亏比不具吸引力。如果周线真正转为趋势上涨，通常需要 MACD 柱转正、J 值修正后再度上行，现在并未满足。因此，建议不要急于追高，观望日线是否回调至 MA20 或 MA50 附近（约 105-106），并结合后续量能和 K 线企稳信号再做买入决策。当前，'什么都不做' 反而是较优选择，可避免在周线超买时承受不必要回撤。,周线 KDJ 的 J 值高达 118.8，发出强烈的超买信号，此时追涨极易买在阶段性高点。; 日线出现多个看跌 K 线形态（孕线、三线内包），暗示短期多头乏力，可能转为回调。; 盈利空间不足：入场到阻力位仅约 8.6%，而止损幅度达 -10%，盈亏比低于 1:1，风险报酬不合理。; 交易理由为'长期看好该股票业绩'，但技术面并未确认中期上行趋势，可能基于基本面偏误忽视当前技术风险。,确认偏误：仅因业绩长期看好而忽略周线超买、日线看跌形态等反向技术证据。; 过度自信：在周线横盘且超买、日线反转信号出现时仍坚持买入，可能高估个人判断。,评分 4/10。整体合理性较低。虽然规则引擎未触发任何强制拦截，但周线超买与日线看跌形态构成双重警示，当前价位追入容易承受短期回调压力，且预期的盈亏比不具吸引力。建议暂缓执行该买入计划，等待更好的风险回报窗口出现，切勿被'长期看好'的叙事绑架短线交易决策。,上涨趋势 + 正常波动,68.4,56.1,1.7818,-0.4966,77.1,79.2,72.7,73.7,51.2,118.8,105.00,105.86,113.24,107.37,交叉,bullish,上涨,横盘,4.16,8.77,197.1%,140.4%,91.20,23.2,128.99,8.6
2026-05-05,118.73,PASS,14,0,0,10,"陷阱信号(看涨), 分离线(看涨), 三线内包(看跌)","推进受阻(看跌), 三线反包(看涨), 大阳线(看涨)",4,首先看周线，它决定了中期大方向。周线均线呈多头排列（MA20在MA50之上），说明中期结构偏强，但周线趋势被标记为“横盘”，意味着价格在一个区间内震荡，并没有走出明确的上升或下降通道。周线RSI 56.1处于中性，MACD柱为负但接近零轴，多空力量胶着。周线KDJ的J值高达118.8，这是一个短期超买的警示，说明价格在周线级别上已经有过一波快速拉升，有休整或回调的需要。周线K线形态中，“大阳线”和“三线反包”是看涨信号，但同时出现“推进受阻”，说明上方压力明显，整体是多空拉锯的格局。  再看日线，它负责寻找具体的入场时机。日线趋势为上涨，但RSI已到68.4，接近70的超买线，继续追涨的空间在变小。KDJ的K、D值都在高位，也印证了短期过热的状况。日线K线形态很矛盾，既有“陷阱信号”、“分离线”这类看涨信号，又有“孕线”、“内包线”等看跌信号，说明短期方向分歧很大，多空在当前位置激烈争夺。入场价118.73距离上方阻力128.99只有8.6%，而最近的支撑在91.20，远在23%以下，这说明盈亏比不太理想——如果做错，止损可能被轻易触发，而上方利润空间相对有限。量比197%说明今天放量，但放量滞涨或收出看跌K线的话反而可能是出货信号。  综合来看，周线横盘未提供明确的中期趋势方向，且周线KDJ短期超买；日线接近超买且阻力近在咫尺，多空形态矛盾。这样的背景下追高买入，并不符合“周线定方向，日线定时机”的稳妥原则。,当前市场更适合区间交易，因为周线处于横盘震荡。但本次计划是突破追高买入，这与震荡市的操作思路相悖。在横盘区间内，应该在靠近支撑位时考虑买入，在靠近阻力位时考虑卖出或减仓。目前价格距离阻力仅8.6%，而距离支撑有23%之远，从风险回报比来看并不友好。日线虽然放量，但K线形态包含多个看跌信号，说明这个位置有抛压，追涨容易被套。更合理的做法是等待日线回调到均线支撑区域（例如MA20附近105左右），或者等价格有效突破并回踩128-129的关键阻力后再找机会。在周线横盘、日线信号矛盾时，“什么都不做”的确是最好的选择，因为此时强行入场容易陷入震荡损耗。,周线趋势为横盘，缺乏明确的中期方向指引，在此环境下追涨风险较高; 日线KDJ、RSI均处于高位，短期有超买修复需求; 入场位置接近阻力（距阻力仅8.6%），而止损远离支撑，盈亏比不佳; 日线K线形态包含孕线、内包线等看跌信号，短期可能面临回调; 交易理由仅为“长期看好该股票业绩”，属于主观判断，未与技术面形成共振,过度自信：仅凭个人对业绩的看好就执行买入，忽略技术面的警示信号; 锚定效应：可能因过于看好长期故事而锚定了一个较高的目标价，忽视当前价格与阻力、支撑的位置关系,本次交易计划的综合评分为4分。主要问题在于周线趋势不明朗，日线短期过热且靠近阻力，风险回报比不理想。交易理由缺乏技术面证据，容易受到过度自信等认知偏误的影响。虽然规则引擎没有触发警报，但作为纪律审查，在横盘没有明确突破、且短期指标偏空的情况下，这笔追高买入不值得鼓励。建议放弃本次计划，耐心等待更稳妥的入场信号出现。,上涨趋势 + 正常波动,68.4,56.1,1.7818,-0.4966,77.1,79.2,72.7,73.7,51.2,118.8,105.00,105.86,113.24,107.37,交叉,bullish,上涨,横盘,4.16,8.77,197.1%,140.4%,91.20,23.2,128.99,8.6
